<fop version="1.0">
	
	<!-- Specifies the base URL based on which relative URL will be resolved. -->
	<base>./</base>
	
	<!-- Setting this option to 'true' causes FOP to use an alternative rule set to determine text indents specified through margins,
		 start-indent and end-indent. Many commercial FO implementations have chosen to break the XSL specification in this aspect.
		 This option tries to mimic their behaviour. Please note that Apache FOP may still not behave exactly like those
		 implementations either because FOP has not fully matched the desired behaviour and because the behaviour among the commercial
		 implementations varies. The default for this option (i.e. false) is to behave exactly like the specification describes. -->
	<break-indent-inheritance>false</break-indent-inheritance>
	
	<!-- This options specifies the file/directory path of the fop cache file. This file is currently only used to cache font triplet
		 information for future reference. -->
	<cache-file>fop.cache</cache-file>
	
	<!-- default page-height and page-width, in case value is specified as auto -->
	<default-page-settings height="11in" width="8.5in"/>
	
	<!-- Specifies the base URL based on which relative font URLs will be resolved. -->
	<font-base>./</font-base>
	
	<!-- Specifies the base URL based on which relative URLs to hyphenation pattern files will be resolved. If not specified, support
		 for user-supplied hyphenation patterns remains disabled. -->
	<!--<hyphenation-base></hyphenation-base>-->
	
	<!-- Setting this option to 'true' will cause FOP to strictly verify the contents of the FOP configuration file to ensure that
		 defined resources (such as fonts and base URLs/directories) are valid and available to FOP. Any errors found will cause FOP to
		 immediately raise an exception. -->
	<strict-configuration>true</strict-configuration>
	
	<!-- Setting this option to 'false' causes FOP to be more forgiving about XSL-FO validity, for example, you're allowed to specify a
		 border on a region-body which is supported by some FO implementations but is non-standard. Note that such a border would
		 currently have no effect in Apache FOP. -->
	<strict-validation>false</strict-validation>
	
	<!-- Source resolution in dpi (dots/pixels per inch) for determining the size of pixels in SVG and bitmap images, default: 72dpi -->
	<source-resolution>150</source-resolution>
	
	<!-- Target resolution in dpi (dots/pixels per inch) for specifying the target resolution for generated bitmaps, default: 72dpi -->
	<target-resolution>150</target-resolution>
	
	<!-- All fonts information that has been gathered as a result of "directory" or "auto-detect" font configurations will be cached for
		 future rendering runs. This setting should improve performance on systems where fonts have been configured using the
		 "directory" or "auto-detect" tag mechanisms. By default this option is switched on. -->
	<use-cache>false</use-cache>
	
	<renderers>
		<renderer mime="application/pdf">
			<filterList>
			
				<!-- provides compression using zlib flate (default is on) -->
				<value>flate</value>
			</filterList>
			<fonts>
				<directory>C:/Windows/Fonts</directory>
				<directory recursive="true">/usr/share/fonts</directory>
				
				<auto-detect/>
			</fonts>
		</renderer>
	</renderers>
</fop>
