<refentry xmlns="http://docbook.org/ns/docbook"
          xmlns:xlink="http://www.w3.org/1999/xlink"
          xmlns:xi="http://www.w3.org/2001/XInclude"
          xmlns:src="http://nwalsh.com/xmlns/litprog/fragment"
          xmlns:xsl="http://www.w3.org/1999/XSL/Transform"
          version="5.0" xml:id="abstract.title.properties">
<refmeta>
<refentrytitle>abstract.title.properties</refentrytitle>
<refmiscinfo class="other" otherclass="datatype">attribute set</refmiscinfo>
</refmeta>
<refnamediv>
<refname>abstract.title.properties</refname>
<refpurpose>Properties for abstract titles</refpurpose>
</refnamediv>

<refsynopsisdiv>
<src:fragment xml:id="abstract.title.properties.frag">
<xsl:attribute-set name="abstract.title.properties">
  <xsl:attribute name="font-family"><xsl:value-of select="$title.fontset"/></xsl:attribute>
  <xsl:attribute name="font-weight">bold</xsl:attribute>
  <xsl:attribute name="keep-with-next.within-column">always</xsl:attribute>
  <xsl:attribute name="keep-with-next.within-column">always</xsl:attribute>
  <xsl:attribute name="space-before.optimum"><xsl:value-of select="concat($body.font.master, 'pt')"/></xsl:attribute>
  <xsl:attribute name="space-before.minimum"><xsl:value-of select="concat($body.font.master, 'pt * 0.8')"/></xsl:attribute>
  <xsl:attribute name="space-before.maximum"><xsl:value-of select="concat($body.font.master, 'pt * 1.2')"/></xsl:attribute>
  <xsl:attribute name="hyphenate">false</xsl:attribute>
  <xsl:attribute name="text-align">center</xsl:attribute>
</xsl:attribute-set>
</src:fragment>
</refsynopsisdiv>

<refsection><info><title>Description</title></info>

<para>The properties for abstract titles.</para>

<para>See also <parameter>abstract.properties</parameter>.</para>

</refsection>
</refentry>
