<refentry xmlns="http://docbook.org/ns/docbook"
          xmlns:xlink="http://www.w3.org/1999/xlink"
          xmlns:xi="http://www.w3.org/2001/XInclude"
          xmlns:src="http://nwalsh.com/xmlns/litprog/fragment"
          xmlns:xsl="http://www.w3.org/1999/XSL/Transform"
          version="5.0" xml:id="chunk.sections">
<refmeta>
<refentrytitle>chunk.sections</refentrytitle>
<refmiscinfo class="other" otherclass="datatype">boolean</refmiscinfo>
</refmeta>
<refnamediv>
<refname>chunk.sections</refname>
<refpurpose>Should top-level sections be chunks in their own right?</refpurpose>
</refnamediv>

<refsynopsisdiv>
<src:fragment xml:id="chunk.sections.frag">
<xsl:param name="chunk.sections" select="1"/>
</src:fragment>
</refsynopsisdiv>

<refsection><info><title>Description</title></info>

<para>If non-zero, chunks will be created for top-level
<tag>sect1</tag> and <tag>section</tag> elements in
each component.
</para>

</refsection>
</refentry>
