<refentry xmlns="http://docbook.org/ns/docbook"
          xmlns:xlink="http://www.w3.org/1999/xlink"
          xmlns:xi="http://www.w3.org/2001/XInclude"
          xmlns:src="http://nwalsh.com/xmlns/litprog/fragment"
          xmlns:xsl="http://www.w3.org/1999/XSL/Transform"
          version="5.0" xml:id="citerefentry.link">
<refmeta>
<refentrytitle>citerefentry.link</refentrytitle>
<refmiscinfo class="other" otherclass="datatype">boolean</refmiscinfo>
</refmeta>
<refnamediv>
<refname>citerefentry.link</refname>
<refpurpose>Generate URL links when cross-referencing RefEntrys?</refpurpose>
</refnamediv>

<refsynopsisdiv>
<src:fragment xml:id="citerefentry.link.frag">
<xsl:param name="citerefentry.link" select="0"/></src:fragment>
</refsynopsisdiv>

<refsection><info><title>Description</title></info>

<para>If non-zero, a web link will be generated, presumably
to an online man-&gt;HTML gateway. The text of the link is
generated by the <literal>generate.citerefentry.link</literal> template.
</para>

</refsection>
</refentry>
