<refentry xmlns="http://docbook.org/ns/docbook"
          xmlns:xlink="http://www.w3.org/1999/xlink"
          xmlns:xi="http://www.w3.org/2001/XInclude"
          xmlns:src="http://nwalsh.com/xmlns/litprog/fragment"
          xmlns:xsl="http://www.w3.org/1999/XSL/Transform"
          version="5.0" xml:id="column.gap.lot">
<refmeta>
<refentrytitle>column.gap.lot</refentrytitle>
<refmiscinfo class="other" otherclass="datatype">length</refmiscinfo>
</refmeta>
<refnamediv>
<refname>column.gap.lot</refname>
<refpurpose>Gap between columns on a 'List-of-Titles' page</refpurpose>
</refnamediv>

<refsynopsisdiv>
<src:fragment xml:id="column.gap.lot.frag">
<xsl:param name="column.gap.lot">12pt</xsl:param>
</src:fragment>
</refsynopsisdiv>

<refsection><info><title>Description</title></info>

<para>Specifies the gap between columns on 'List-of-Titles' pages (if
<parameter>column.count.lot</parameter> is greater than one).</para>

</refsection>
</refentry>
