<refentry xmlns="http://docbook.org/ns/docbook"
          xmlns:xlink="http://www.w3.org/1999/xlink"
          xmlns:xi="http://www.w3.org/2001/XInclude"
          xmlns:src="http://nwalsh.com/xmlns/litprog/fragment"
          xmlns:xsl="http://www.w3.org/1999/XSL/Transform"
          version="5.0" xml:id="currentpage.marker">
<refmeta>
<refentrytitle>currentpage.marker</refentrytitle>
<refmiscinfo class="other" otherclass="datatype">string</refmiscinfo>
</refmeta>
<refnamediv>
<refname>currentpage.marker</refname>
<refpurpose>The text symbol used to mark the current page</refpurpose>
</refnamediv>

<refsynopsisdiv>
<src:fragment xml:id="currentpage.marker.frag">
<xsl:param name="currentpage.marker">@</xsl:param>
</src:fragment>
</refsynopsisdiv>

<refsection><info><title>Description</title></info>
<para>Character to use as identifying the current page in </para>
</refsection>
</refentry>
