<refentry xmlns="http://docbook.org/ns/docbook"
          xmlns:xlink="http://www.w3.org/1999/xlink"
          xmlns:xi="http://www.w3.org/2001/XInclude"
          xmlns:src="http://nwalsh.com/xmlns/litprog/fragment"
          xmlns:xsl="http://www.w3.org/1999/XSL/Transform"
          version="5.0" xml:id="foil.title.properties">
<refmeta>
<refentrytitle>foil.title.properties</refentrytitle>
<refmiscinfo class="other" otherclass="datatype">attribute set</refmiscinfo>
</refmeta>
<refnamediv>
<refname>foil.title.properties</refname>
<refpurpose>Specifies properties for foil title</refpurpose>
</refnamediv>

<refsynopsisdiv>
  <src:fragment xml:id="foil.title.properties.frag">
    <xsl:attribute-set name="foil.title.properties">
      <xsl:attribute name="font-size">
        <xsl:value-of select="$foil.title.size"/>
      </xsl:attribute>
    </xsl:attribute-set>
  </src:fragment>
</refsynopsisdiv>

<refsection><info><title>Description</title></info>

<para>This parameter specifies properties for the foil title.</para>

</refsection>
</refentry>
