<refentry xmlns="http://docbook.org/ns/docbook"
          xmlns:xlink="http://www.w3.org/1999/xlink"
          xmlns:xi="http://www.w3.org/2001/XInclude"
          xmlns:src="http://nwalsh.com/xmlns/litprog/fragment"
          xmlns:xsl="http://www.w3.org/1999/XSL/Transform"
          version="5.0" xml:id="generate.handoutnotes">
<refmeta>
<refentrytitle>generate.handoutnotes</refentrytitle>
<refmiscinfo class="other" otherclass="datatype">boolean</refmiscinfo>
</refmeta>
<refnamediv>
<refname>generate.handoutnotes</refname>
<refpurpose>Specifies whether handoutnotes are generated</refpurpose>
</refnamediv>

<refsynopsisdiv>
  <src:fragment xml:id="generate.handoutnotes.frag">
    <xsl:param name="generate.handoutnotes">0</xsl:param>
  </src:fragment>
</refsynopsisdiv>

<refsection><info><title>Description</title></info>

<para>This parameter specifies whether handoutnotes shall
  be generated to the output.</para>

</refsection>
</refentry>
