<refentry xmlns="http://docbook.org/ns/docbook"
          xmlns:xlink="http://www.w3.org/1999/xlink"
          xmlns:xi="http://www.w3.org/2001/XInclude"
          xmlns:src="http://nwalsh.com/xmlns/litprog/fragment"
          xmlns:xsl="http://www.w3.org/1999/XSL/Transform"
          version="5.0" xml:id="glossterm.separation">
<refmeta>
<refentrytitle>glossterm.separation</refentrytitle>
<refmiscinfo class="other" otherclass="datatype">length</refmiscinfo>
</refmeta>
<refnamediv>
<refname>glossterm.separation</refname>
<refpurpose>Separation between glossary terms and descriptions in list mode</refpurpose>
</refnamediv>

<refsynopsisdiv>
<src:fragment xml:id="glossterm.separation.frag">
<xsl:param name="glossterm.separation" >0.25in</xsl:param>
</src:fragment>
</refsynopsisdiv>

<refsection><info><title>Description</title></info>

<para>Specifies the miminum horizontal
separation between glossary terms and descriptions when
they are presented side-by-side using lists
when the <parameter>glossary.as.blocks</parameter>
is zero.</para>

</refsection>
</refentry>
