<refentry xmlns="http://docbook.org/ns/docbook"
          xmlns:xlink="http://www.w3.org/1999/xlink"
          xmlns:xi="http://www.w3.org/2001/XInclude"
          xmlns:src="http://nwalsh.com/xmlns/litprog/fragment"
          xmlns:xsl="http://www.w3.org/1999/XSL/Transform"
          version="5.0" xml:id="glosslist.as.blocks">
<refmeta>
<refentrytitle>glosslist.as.blocks</refentrytitle>
<refmiscinfo class="other" otherclass="datatype">boolean</refmiscinfo>
</refmeta>
<refnamediv>
<refname>glosslist.as.blocks</refname>
<refpurpose>Use blocks for glosslists?</refpurpose>
</refnamediv>

<refsynopsisdiv>
<src:fragment xml:id="glosslist.as.blocks.frag">
<xsl:param name="glosslist.as.blocks" select="0"/>
</src:fragment>
</refsynopsisdiv>

<refsection><info><title>Description</title></info>

<para>See <parameter>glossary.as.blocks</parameter>.</para>

</refsection>
</refentry>
