<refentry xmlns="http://docbook.org/ns/docbook"
          xmlns:xlink="http://www.w3.org/1999/xlink"
          xmlns:xi="http://www.w3.org/2001/XInclude"
          xmlns:src="http://nwalsh.com/xmlns/litprog/fragment"
          xmlns:xsl="http://www.w3.org/1999/XSL/Transform"
          version="5.0" xml:id="handoutnotes.properties">
<refmeta>
<refentrytitle>handoutnotes.properties</refentrytitle>
<refmiscinfo class="other" otherclass="datatype">attribute set</refmiscinfo>
</refmeta>  
<refnamediv>
<refname>footnote.properties</refname>
<refpurpose>Properties applied to handoutnotes
</refpurpose>
</refnamediv>

<refsynopsisdiv>
<src:fragment xml:id="handoutnotes.properties.frag">
<xsl:attribute-set name="handoutnotes.properties"/>
</src:fragment>
</refsynopsisdiv>

<refsection><info><title>Description</title></info>

<para>This attribute set is applied to handoutnotes.</para>

</refsection>
</refentry>
