<refentry xmlns="http://docbook.org/ns/docbook"
          xmlns:xlink="http://www.w3.org/1999/xlink"
          xmlns:xi="http://www.w3.org/2001/XInclude"
          xmlns:src="http://nwalsh.com/xmlns/litprog/fragment"
          xmlns:xsl="http://www.w3.org/1999/XSL/Transform"
          version="5.0" xml:id="header.hr">
<refmeta>
<refentrytitle>header.hr</refentrytitle>
<refmiscinfo class="other" otherclass="datatype">boolean</refmiscinfo>
</refmeta>
<refnamediv>
<refname>header.hr</refname>
<refpurpose>Toggle &lt;HR&gt; after header</refpurpose>
</refnamediv>

<refsynopsisdiv>
<src:fragment xml:id="header.hr.frag">
<xsl:param name="header.hr" select="1"/>
</src:fragment>
</refsynopsisdiv>

<refsection><info><title>Description</title></info>
<para>If non-zero, an &lt;HR&gt; is generated at the bottom of each web page,
before the footer.</para>
</refsection>
</refentry>
