<refentry xmlns="http://docbook.org/ns/docbook"
          xmlns:xlink="http://www.w3.org/1999/xlink"
          xmlns:xi="http://www.w3.org/2001/XInclude"
          xmlns:src="http://nwalsh.com/xmlns/litprog/fragment"
          xmlns:xsl="http://www.w3.org/1999/XSL/Transform"
          version="5.0" xml:id="headers.on.blank.pages">
<refmeta>
<refentrytitle>headers.on.blank.pages</refentrytitle>
<refmiscinfo class="other" otherclass="datatype">boolean</refmiscinfo>
</refmeta>
<refnamediv>
<refname>headers.on.blank.pages</refname>
<refpurpose>Put headers on blank pages?</refpurpose>
</refnamediv>

<refsynopsisdiv>
<src:fragment xml:id="headers.on.blank.pages.frag">
<xsl:param name="headers.on.blank.pages" select="1"/>
</src:fragment>
</refsynopsisdiv>

<refsection><info><title>Description</title></info>

<para>If non-zero, headers will be placed on blank pages.</para>

</refsection>
</refentry>
