<refentry xmlns="http://docbook.org/ns/docbook"
          xmlns:xlink="http://www.w3.org/1999/xlink"
          xmlns:xi="http://www.w3.org/2001/XInclude"
          xmlns:src="http://nwalsh.com/xmlns/litprog/fragment"
          xmlns:xsl="http://www.w3.org/1999/XSL/Transform"
          version="5.0" xml:id="htmlhelp.window.geometry">
<refmeta>
<refentrytitle>htmlhelp.window.geometry</refentrytitle>
<refmiscinfo class="other" otherclass="datatype">string</refmiscinfo>
</refmeta>
<refnamediv>
<refname>htmlhelp.window.geometry</refname>
<refpurpose>Set initial geometry of help window</refpurpose>
</refnamediv>

<refsynopsisdiv>
<src:fragment xml:id="htmlhelp.window.geometry.frag">
<xsl:param name="htmlhelp.window.geometry"/>
</src:fragment>
</refsynopsisdiv>

<refsection><info><title>Description</title></info>

<para>This parameter specifies initial position of help
window. E.g.</para>

<programlisting>&lt;xsl:param name="htmlhelp.window.geometry"&gt;[160,64,992,704]&lt;/xsl:param&gt;</programlisting>

</refsection>
</refentry>
