<refentry xmlns="http://docbook.org/ns/docbook"
          xmlns:xlink="http://www.w3.org/1999/xlink"
          xmlns:xi="http://www.w3.org/2001/XInclude"
          xmlns:src="http://nwalsh.com/xmlns/litprog/fragment"
          xmlns:xsl="http://www.w3.org/1999/XSL/Transform"
          version="5.0" xml:id="html.cleanup">
<refmeta>
<refentrytitle>html.cleanup</refentrytitle>
<refmiscinfo class="other" otherclass="datatype">boolean</refmiscinfo>
</refmeta>
<refnamediv>
<refname>html.cleanup</refname>
<refpurpose>Attempt to clean up the resulting HTML?</refpurpose>
</refnamediv>

<refsynopsisdiv>
<src:fragment xml:id="html.cleanup.frag">
<xsl:param name="html.cleanup" select="1"/>
</src:fragment>
</refsynopsisdiv>

<refsection><info><title>Description</title></info>

<para>If non-zero, and if the <link xlink:href="http://www.exslt.org/">EXSLT</link>
extensions are supported by your processor, the resulting HTML will be
<quote>cleaned up</quote>. This improves the chances that the
resulting HTML will be valid. It may also improve the formatting of
some elements.</para>

<para>This parameter is different from <parameter>make.valid.html</parameter>
because it uses extension functions to manipulate result-tree-fragments.</para>

</refsection>
</refentry>
