<refentry xmlns="http://docbook.org/ns/docbook"
          xmlns:xlink="http://www.w3.org/1999/xlink"
          xmlns:xi="http://www.w3.org/2001/XInclude"
          xmlns:src="http://nwalsh.com/xmlns/litprog/fragment"
          xmlns:xsl="http://www.w3.org/1999/XSL/Transform"
          version="5.0" xml:id="hyphenate">
<refmeta>
<refentrytitle>hyphenate</refentrytitle>
<refmiscinfo class="other" otherclass="datatype">list</refmiscinfo>
<refmiscinfo class="other" otherclass="list-type">closed</refmiscinfo>
<refmiscinfo class="other" otherclass="value">true</refmiscinfo>
<refmiscinfo class="other" otherclass="value">false</refmiscinfo>
</refmeta>
<refnamediv>
<refname>hyphenate</refname>
<refpurpose>Specify hyphenation behavior</refpurpose>
</refnamediv>

<refsynopsisdiv>
<src:fragment xml:id="hyphenate.frag"><xsl:param name="hyphenate">true</xsl:param></src:fragment>
</refsynopsisdiv>

<refsection><info><title>Description</title></info>

<para>If true, words may be hyphenated. Otherwise, they may not.</para>
<para>See also <parameter>ulink.hyphenate.chars</parameter> </para>

</refsection>
</refentry>
