<refentry xmlns="http://docbook.org/ns/docbook"
          xmlns:xlink="http://www.w3.org/1999/xlink"
          xmlns:xi="http://www.w3.org/2001/XInclude"
          xmlns:src="http://nwalsh.com/xmlns/litprog/fragment"
          xmlns:xsl="http://www.w3.org/1999/XSL/Transform"
          version="5.0" xml:id="man.output.manifest.filename">
  <refmeta>
    <refentrytitle>man.output.manifest.filename</refentrytitle>
    <refmiscinfo class="other" otherclass="datatype">string</refmiscinfo>
  </refmeta>
  <refnamediv>
    <refname>man.output.manifest.filename</refname>
    <refpurpose>Name of manifest file</refpurpose>
  </refnamediv>

  <refsynopsisdiv>
    <src:fragment xml:id="man.output.manifest.filename.frag"><xsl:param name="man.output.manifest.filename">MAN.MANIFEST</xsl:param></src:fragment>
  </refsynopsisdiv>

  <refsection><info><title>Description</title></info>

    <para>The <parameter>man.output.manifest.filename</parameter> parameter
    specifies the name of the file to which the manpages manifest file
    is written (if the value of the
    <parameter>man.output.manifest.enabled</parameter> parameter is
    non-zero).</para>

  </refsection>
</refentry>
