<refentry xmlns="http://docbook.org/ns/docbook"
          xmlns:xlink="http://www.w3.org/1999/xlink"
          xmlns:xi="http://www.w3.org/2001/XInclude"
          xmlns:src="http://nwalsh.com/xmlns/litprog/fragment"
          xmlns:xsl="http://www.w3.org/1999/XSL/Transform"
          version="5.0" xml:id="man.output.in.separate.dir">
<refmeta>
<refentrytitle>man.output.in.separate.dir</refentrytitle>
<refmiscinfo class="other" otherclass="datatype">boolean</refmiscinfo>
</refmeta>
<refnamediv>
<refname>man.output.in.separate.dir</refname>
<refpurpose>Output man-page files in separate output directory?</refpurpose>
</refnamediv>

<refsynopsisdiv>
<src:fragment xml:id="man.output.in.separate.dir.frag">
<xsl:param name="man.output.in.separate.dir" select="0"/>
</src:fragment>
</refsynopsisdiv>

<refsection><info><title>Description</title></info>

<para>If the value of <literal>man.output.in.separate.dir</literal>
parameter is non-zero, man-page files are output in a separate
directory, specified by the <parameter>man.output.base.dir</parameter>
parameter; otherwise, if the value of
<literal>man.output.in.separate.dir</literal> is zero, man-page files
are not output in a separate directory.</para>

</refsection>
</refentry>
