<refentry xmlns="http://docbook.org/ns/docbook"
          xmlns:xlink="http://www.w3.org/1999/xlink"
          xmlns:xi="http://www.w3.org/2001/XInclude"
          xmlns:src="http://nwalsh.com/xmlns/litprog/fragment"
          xmlns:xsl="http://www.w3.org/1999/XSL/Transform"
          version="5.0" xml:id="manifest">
  <refmeta>
    <refentrytitle>manifest</refentrytitle>
    <refmiscinfo class="other" otherclass="datatype">string</refmiscinfo>
  </refmeta>
  <refnamediv>
    <refname>manifest</refname>
    <refpurpose>Name of manifest file</refpurpose>
  </refnamediv>

  <refsynopsisdiv>
    <src:fragment xml:id="manifest.frag">
    <xsl:param name="manifest" >HTML.manifest</xsl:param>
    </src:fragment>
  </refsynopsisdiv>

  <refsection><info><title>Description</title></info>

    <para>The name of the file to which a manifest is written (if the
      value of the <parameter>generate.manifest</parameter> parameter
      is non-zero).</para>

  </refsection>
</refentry>
