<refentry xmlns="http://docbook.org/ns/docbook"
          xmlns:xlink="http://www.w3.org/1999/xlink"
          xmlns:xi="http://www.w3.org/2001/XInclude"
          xmlns:src="http://nwalsh.com/xmlns/litprog/fragment"
          xmlns:xsl="http://www.w3.org/1999/XSL/Transform"
          version="5.0" xml:id="manifest.in.base.dir">
<refmeta>
<refentrytitle>manifest.in.base.dir</refentrytitle>
<refmiscinfo class="other" otherclass="datatype">boolean</refmiscinfo>
</refmeta>
<refnamediv>
<refname>manifest.in.base.dir</refname>
<refpurpose>Should the manifest file be written into <parameter>base.dir</parameter>?</refpurpose>
</refnamediv>

<refsynopsisdiv>
<src:fragment xml:id="manifest.in.base.dir.frag">
<xsl:param name="manifest.in.base.dir" select="0"/>
</src:fragment>
</refsynopsisdiv>

<refsection><info><title>Description</title></info>

<para>If non-zero, the manifest file as well as project files for HTML Help and
Eclipse Help are written into <parameter>base.dir</parameter> instead
of the current directory.</para>

</refsection>
</refentry>
