<refentry xmlns="http://docbook.org/ns/docbook"
          xmlns:xlink="http://www.w3.org/1999/xlink"
          xmlns:xi="http://www.w3.org/2001/XInclude"
          xmlns:src="http://nwalsh.com/xmlns/litprog/fragment"
          xmlns:xsl="http://www.w3.org/1999/XSL/Transform"
          version="5.0" xml:id="arbortext.extensions">
<refmeta>
<refentrytitle>arbortext.extensions</refentrytitle>
<refmiscinfo class="other" otherclass="datatype">boolean</refmiscinfo>
</refmeta>
<refnamediv>
<refname>arbortext.extensions</refname>
<refpurpose>Enable Arbortext extensions?</refpurpose>
</refnamediv>

<refsynopsisdiv>
<src:fragment xml:id="arbortext.extensions.frag"><xsl:param name="arbortext.extensions" select="0"/></src:fragment>
</refsynopsisdiv>

<refsection><info><title>Description</title></info>

<para>If non-zero,
<link xlink:href="http://www.arbortext.com/">Arbortext</link>
extensions will be used.
</para>
<para>This parameter can also affect which graphics file formats
are supported</para>

</refsection>
</refentry>
