<refentry xmlns="http://docbook.org/ns/docbook"
          xmlns:xlink="http://www.w3.org/1999/xlink"
          xmlns:xi="http://www.w3.org/2001/XInclude"
          xmlns:src="http://nwalsh.com/xmlns/litprog/fragment"
          xmlns:xsl="http://www.w3.org/1999/XSL/Transform"
          version="5.0" xml:id="bibliography.numbered">
<refmeta>
<refentrytitle>bibliography.numbered</refentrytitle>
<refmiscinfo class="other" otherclass="datatype">boolean</refmiscinfo>
</refmeta>
<refnamediv>
<refname>bibliography.numbered</refname>
<refpurpose>Should bibliography entries be numbered?</refpurpose>
</refnamediv>

<refsynopsisdiv>
<src:fragment xml:id="bibliography.numbered.frag">
<xsl:param name="bibliography.numbered" select="0"/>
</src:fragment>
</refsynopsisdiv>

<refsection><info><title>Description</title></info>

<para>If non-zero bibliography entries will be numbered</para>

</refsection>
</refentry>
