<refentry xmlns="http://docbook.org/ns/docbook"
          xmlns:xlink="http://www.w3.org/1999/xlink"
          xmlns:xi="http://www.w3.org/2001/XInclude"
          xmlns:src="http://nwalsh.com/xmlns/litprog/fragment"
          xmlns:xsl="http://www.w3.org/1999/XSL/Transform"
          version="5.0" xml:id="bullet.image">
<refmeta>
<refentrytitle>bullet.image</refentrytitle>
<refmiscinfo class="other" otherclass="datatype">filename</refmiscinfo>
</refmeta>
<refnamediv>
<refname>bullet.image</refname>
<refpurpose>Bullet image</refpurpose>
</refnamediv>

<refsynopsisdiv>
<src:fragment xml:id="bullet.image.frag">
<xsl:param name="bullet.image">toc/bullet.png</xsl:param>
</src:fragment>
</refsynopsisdiv>

<refsection><info><title>Description</title></info>

<para>Specifies the filename of the bullet image used for foils in the
framed ToC.</para>

</refsection>
</refentry>
