<refentry xmlns="http://docbook.org/ns/docbook"
          xmlns:xlink="http://www.w3.org/1999/xlink"
          xmlns:xi="http://www.w3.org/2001/XInclude"
          xmlns:src="http://nwalsh.com/xmlns/litprog/fragment"
          xmlns:xsl="http://www.w3.org/1999/XSL/Transform"
          version="5.0" xml:id="chunker.output.encoding">
<refmeta>
<refentrytitle>chunker.output.encoding</refentrytitle>
<refmiscinfo class="other" otherclass="datatype">string</refmiscinfo>
</refmeta>
<refnamediv>
<refname>chunker.output.encoding</refname>
<refpurpose>Encoding used in generated pages</refpurpose>
</refnamediv>
<refsynopsisdiv>
<src:fragment xml:id="chunker.output.encoding.frag">
<xsl:param name="chunker.output.encoding">ISO-8859-1</xsl:param>
</src:fragment>
</refsynopsisdiv>
<refsection><info><title>Description</title></info>
<para>This parameter specifies the encoding to be used in files
generated by the chunking stylesheet. Not all processors support
specification of this parameter.
</para>
<para>This parameter used to be named <literal>default.encoding</literal>.</para>
<note>
<para>This parameter is documented here, but the declaration is actually
in the <filename>chunker.xsl</filename> stylesheet module.</para>
</note>
</refsection>
</refentry>
