<refentry xmlns="http://docbook.org/ns/docbook"
          xmlns:xlink="http://www.w3.org/1999/xlink"
          xmlns:xi="http://www.w3.org/2001/XInclude"
          xmlns:src="http://nwalsh.com/xmlns/litprog/fragment"
          xmlns:xsl="http://www.w3.org/1999/XSL/Transform"
          version="5.0" xml:id="ebnf.statement.terminator">
<refmeta>
<refentrytitle>ebnf.statement.terminator</refentrytitle>
<refmiscinfo class="other" otherclass="datatype">rtf</refmiscinfo>
</refmeta>
<refnamediv>
<refname>ebnf.statement.terminator</refname>
<refpurpose>Punctuation that ends an EBNF statement.</refpurpose>
</refnamediv>

<refsynopsisdiv>
<src:fragment xml:id="ebnf.statement.terminator.frag">
<xsl:param condition="html" name="ebnf.statement.terminator"/>
<xsl:param condition="fo" name="ebnf.statement.terminator"/>
</src:fragment>
</refsynopsisdiv>

<refsection><info><title>Description</title></info>

<para>The <parameter>ebnf.statement.terminator</parameter> parameter determines what
text is used to terminate each <tag>production</tag>
in <tag>productionset</tag>.</para>

<para>Some notations end each statement with a period.</para>

</refsection>
</refentry>
