<refentry xmlns="http://docbook.org/ns/docbook"
          xmlns:xlink="http://www.w3.org/1999/xlink"
          xmlns:xi="http://www.w3.org/2001/XInclude"
          xmlns:src="http://nwalsh.com/xmlns/litprog/fragment"
          xmlns:xsl="http://www.w3.org/1999/XSL/Transform"
          version="5.0" xml:id="footer.rule">
<refmeta>
<refentrytitle>footer.rule</refentrytitle>
<refmiscinfo class="other" otherclass="datatype">boolean</refmiscinfo>
</refmeta>
<refnamediv>
<refname>footer.rule</refname>
<refpurpose>Rule over footers?</refpurpose>
</refnamediv>

<refsynopsisdiv>
<src:fragment xml:id="footer.rule.frag">
<xsl:param name="footer.rule" select="1"/>
</src:fragment>
</refsynopsisdiv>

<refsection><info><title>Description</title></info>

<para>If non-zero, a rule will be drawn above the page footers.</para>

</refsection>
</refentry>
