<refentry xmlns="http://docbook.org/ns/docbook"
          xmlns:xlink="http://www.w3.org/1999/xlink"
          xmlns:xi="http://www.w3.org/2001/XInclude"
          xmlns:src="http://nwalsh.com/xmlns/litprog/fragment"
          xmlns:xsl="http://www.w3.org/1999/XSL/Transform"
          version="5.0" xml:id="funcsynopsis.decoration">
<refmeta>
<refentrytitle>funcsynopsis.decoration</refentrytitle>
<refmiscinfo class="other" otherclass="datatype">boolean</refmiscinfo>
</refmeta>
<refnamediv>
<refname>funcsynopsis.decoration</refname>
<refpurpose>Decorate elements of a <tag>funcsynopsis</tag>?</refpurpose>
</refnamediv>

<refsynopsisdiv>
<src:fragment xml:id="funcsynopsis.decoration.frag">
<xsl:param name="funcsynopsis.decoration" select="1"/>
</src:fragment>
</refsynopsisdiv>

<refsection><info><title>Description</title></info>

<para>If non-zero, elements of the <tag>funcsynopsis</tag> will be
decorated (e.g. rendered as bold or italic text). The decoration is controlled by
templates that can be redefined in a customization layer.
</para>

</refsection>
</refentry>
