<refentry xmlns="http://docbook.org/ns/docbook"
          xmlns:xlink="http://www.w3.org/1999/xlink"
          xmlns:xi="http://www.w3.org/2001/XInclude"
          xmlns:src="http://nwalsh.com/xmlns/litprog/fragment"
          xmlns:xsl="http://www.w3.org/1999/XSL/Transform"
          version="5.0" xml:id="hidetoc.image">
<refmeta>
<refentrytitle>hidetoc.image</refentrytitle>
<refmiscinfo class="other" otherclass="datatype">filename</refmiscinfo>
</refmeta>
<refnamediv>
<refname>hidetoc.image</refname>
<refpurpose>Hide ToC image</refpurpose>
</refnamediv>

<refsynopsisdiv>
<src:fragment xml:id="hidetoc.image.frag">
<xsl:param name="hidetoc.image">hidetoc.gif</xsl:param>
</src:fragment>
</refsynopsisdiv>

<refsection><info><title>Description</title></info>

<para>Specifies the filename of the <quote>hide ToC</quote> image. This is used
when the <link linkend="toc.hide.show">ToC hide/show</link> parameter is
enabled.</para>

</refsection>
</refentry>
