<refentry xmlns="http://docbook.org/ns/docbook"
          xmlns:xlink="http://www.w3.org/1999/xlink"
          xmlns:xi="http://www.w3.org/2001/XInclude"
          xmlns:src="http://nwalsh.com/xmlns/litprog/fragment"
          xmlns:xsl="http://www.w3.org/1999/XSL/Transform"
          version="5.0" xml:id="ignore.image.scaling">
<refmeta>
<refentrytitle>ignore.image.scaling</refentrytitle>
<refmiscinfo class="other" otherclass="datatype">boolean</refmiscinfo>
</refmeta>
<refnamediv>
<refname>ignore.image.scaling</refname>
<refpurpose>Tell the stylesheets to ignore the author's image scaling attributes</refpurpose>
</refnamediv>

<refsynopsisdiv>
<src:fragment xml:id="ignore.image.scaling.frag">
<xsl:param name="ignore.image.scaling" select="0"/>
</src:fragment>
</refsynopsisdiv>

<refsection><info><title>Description</title></info>

<para>If non-zero, the scaling attributes on graphics and media objects are
ignored.</para>

</refsection>
</refentry>
