<refentry xmlns="http://docbook.org/ns/docbook"
          xmlns:xlink="http://www.w3.org/1999/xlink"
          xmlns:xi="http://www.w3.org/2001/XInclude"
          xmlns:src="http://nwalsh.com/xmlns/litprog/fragment"
          xmlns:xsl="http://www.w3.org/1999/XSL/Transform"
          version="5.0" xml:id="inherit.keywords">
<refmeta>
<refentrytitle>inherit.keywords</refentrytitle>
<refmiscinfo class="other" otherclass="datatype">boolean</refmiscinfo>
</refmeta>
<refnamediv>
<refname>inherit.keywords</refname>
<refpurpose>Inherit keywords from ancestor elements?</refpurpose>
</refnamediv>

<refsynopsisdiv>
<src:fragment xml:id="inherit.keywords.frag">
<xsl:param name="inherit.keywords" select="1"/></src:fragment>
</refsynopsisdiv>

<refsection><info><title>Description</title></info>

<para>If <parameter>inherit.keywords</parameter>
is non-zero, the keyword <literal>meta</literal> for each HTML
<literal>head</literal> element will include all of the keywords from
ancestor elements. Otherwise, only the keywords from the current section
will be used.
</para>

</refsection>
</refentry>
