<refentry xmlns="http://docbook.org/ns/docbook"
          xmlns:xlink="http://www.w3.org/1999/xlink"
          xmlns:xi="http://www.w3.org/2001/XInclude"
          xmlns:src="http://nwalsh.com/xmlns/litprog/fragment"
          xmlns:xsl="http://www.w3.org/1999/XSL/Transform"
          version="5.0" xml:id="list.item.spacing">
<refmeta>
<refentrytitle>list.item.spacing</refentrytitle>
<refmiscinfo class="other" otherclass="datatype">attribute set</refmiscinfo>
</refmeta>
<refnamediv>
<refname>list.item.spacing</refname>
<refpurpose>What space do you want between list items?</refpurpose>
</refnamediv>

<refsynopsisdiv>
<src:fragment xml:id="list.item.spacing.frag"><xsl:attribute-set name="list.item.spacing">
  <xsl:attribute name="space-before.optimum">1em</xsl:attribute>
  <xsl:attribute name="space-before.minimum">0.8em</xsl:attribute>
  <xsl:attribute name="space-before.maximum">1.2em</xsl:attribute>
</xsl:attribute-set></src:fragment>
</refsynopsisdiv>
<refsection><info><title>Description</title></info>
<para>Specify what spacing you want between each list item.</para>
</refsection>
</refentry>
