<refentry xmlns="http://docbook.org/ns/docbook"
          xmlns:xlink="http://www.w3.org/1999/xlink"
          xmlns:xi="http://www.w3.org/2001/XInclude"
          xmlns:src="http://nwalsh.com/xmlns/litprog/fragment"
          xmlns:xsl="http://www.w3.org/1999/XSL/Transform"
          version="5.0" xml:id="man.output.quietly">
<refmeta>
<refentrytitle>man.output.quietly</refentrytitle>
<refmiscinfo class="other" otherclass="datatype">boolean</refmiscinfo>
</refmeta>
<refnamediv>
<refname>man.output.quietly</refname>
<refpurpose>Suppress filename messages emitted when generating output?</refpurpose>
</refnamediv>

<refsynopsisdiv>
<src:fragment xml:id="man.output.quietly.frag">
<xsl:param name="man.output.quietly" select="0"/>
</src:fragment>
</refsynopsisdiv>

<refsection><info><title>Description</title></info>

<para>If zero (the default), for each man-page file created, a message
with the name of the file is emitted. If non-zero, the files are
output "quietly" -- that is, the filename messages are
suppressed.</para>

<tip>
  <para>If you are processing a large amount of <tag>refentry</tag>
  content, you may be able to speed up processing significantly by
  setting a non-zero value for
  <parameter>man.output.quietly</parameter>.</para>
</tip>

</refsection>
</refentry>
