<refentry xmlns="http://docbook.org/ns/docbook"
          xmlns:xlink="http://www.w3.org/1999/xlink"
          xmlns:xi="http://www.w3.org/2001/XInclude"
          xmlns:src="http://nwalsh.com/xmlns/litprog/fragment"
          xmlns:xsl="http://www.w3.org/1999/XSL/Transform"
          version="5.0" xml:id="man.font.table.title">
<refmeta>
<refentrytitle>man.font.table.title</refentrytitle>
<refmiscinfo class="other" otherclass="datatype">string</refmiscinfo>
</refmeta>
<refnamediv>
<refname>man.font.table.title</refname>
<refpurpose>Specifies font for table headings</refpurpose>
</refnamediv>

<refsynopsisdiv>
<src:fragment xml:id="man.font.table.title.frag">
  <xsl:param name="man.font.table.title">B</xsl:param>
</src:fragment>
</refsynopsisdiv>

<refsection><info><title>Description</title></info>

<para>The <parameter>man.font.table.title</parameter> parameter
specifies the font for <tag>table</tag> titles. It should be
a valid roff font, such as <literal>B</literal> or
<literal>I</literal>.</para>

</refsection>
</refentry>
