<refentry xmlns="http://docbook.org/ns/docbook"
          xmlns:xlink="http://www.w3.org/1999/xlink"
          xmlns:xi="http://www.w3.org/2001/XInclude"
          xmlns:src="http://nwalsh.com/xmlns/litprog/fragment"
          xmlns:xsl="http://www.w3.org/1999/XSL/Transform"
          version="5.0" xml:id="man.font.funcsynopsisinfo">
<refmeta>
<refentrytitle>man.font.funcsynopsisinfo</refentrytitle>
<refmiscinfo class="other" otherclass="datatype">string</refmiscinfo>
</refmeta>
<refnamediv>
<refname>man.font.funcsynopsisinfo</refname>
<refpurpose>Specifies font for funcsynopsisinfo output</refpurpose>
</refnamediv>

<refsynopsisdiv>
<src:fragment xml:id="man.font.funcsynopsisinfo.frag">
  <xsl:param name="man.font.funcsynopsisinfo">B</xsl:param>
</src:fragment>
</refsynopsisdiv>

<refsection><info><title>Description</title></info>

<para>The <parameter>man.font.funcsynopsisinfo</parameter> parameter
specifies the font for <tag>funcsynopsisinfo</tag> output. It
should be a valid roff font name, such as <literal>B</literal> or
<literal>I</literal>.</para>

</refsection>
</refentry>
