<?xml version="1.0" encoding="UTF-8"?>
<Media databaseStamp="1698390876" displayResume="true" hash="3fe25cc5442d7ff42d554c722e9e2834d1090fea35f074af3cd66a501bb8ebec" insReleaseId="6-426" instMode="standalone" localOSFileTree="false" maxInstPathLen="70" maxPathLength="66" name="CODE\win_b64\ENOVIA_RMC.media\media" rootFeature="CODE\win_b64\ENOVIA_RMC.media" type="CODE" volumes="1">
	<ProductInfos VersionShortName="V6R2024x" companyName="Dassault Systemes" copyrightString="&#xa9; 2023 Dassault Syst&#xe8;mes. All rights reserved." description=" " gaLevel="B426" marketingLongVersion="3DEXPERIENCE R2024x" marketingVersion="V6R2024x" osds="win_b64" pkgId="0x653b62fe" pkgIdString="20231027T071302Z" productLine="ENOVIA" rootLevel="426" shortReleaseName="R2024x" shortcutName="3DEXPERIENCE R2024x (local build)" spLevel="426" versionLongName="3DEXPERIENCE R2024x (local build)" />
	<Steps>
		<Step>DSYWelcomePanel</Step>
		<Any />
		<Step>DSYRegIdent</Step>
		<Any />
		<Step>SelectProduct</Step>
		<Step>SelectExtraProduct</Step>
		<Any />
		<Step>_Resume</Step>
	</Steps>
</Media>
