<refentry xmlns="http://docbook.org/ns/docbook"
          xmlns:xlink="http://www.w3.org/1999/xlink"
          xmlns:xi="http://www.w3.org/2001/XInclude"
          xmlns:src="http://nwalsh.com/xmlns/litprog/fragment"
          xmlns:xsl="http://www.w3.org/1999/XSL/Transform"
          version="5.0" xml:id="admon.graphics.path">
<refmeta>
<refentrytitle>admon.graphics.path</refentrytitle>
<refmiscinfo class="other" otherclass="datatype">string</refmiscinfo>
</refmeta>
<refnamediv>
<refname>admon.graphics.path</refname>
<refpurpose>Path to admonition graphics</refpurpose>
</refnamediv>

<refsynopsisdiv>
<src:fragment xml:id="admon.graphics.path.frag"><xsl:param name="admon.graphics.path">images/</xsl:param></src:fragment>
</refsynopsisdiv>

<refsection><info><title>Description</title></info>

<para>Sets the path to the directory containing the admonition graphics
(caution.png, important.png etc). This location is normally relative
to the output html directory. See <parameter>base.dir</parameter></para>

</refsection>
</refentry>
