<refentry xmlns="http://docbook.org/ns/docbook"
          xmlns:xlink="http://www.w3.org/1999/xlink"
          xmlns:xi="http://www.w3.org/2001/XInclude"
          xmlns:src="http://nwalsh.com/xmlns/litprog/fragment"
          xmlns:xsl="http://www.w3.org/1999/XSL/Transform"
          version="5.0" xml:id="body.font.family">
<refmeta>
<refentrytitle>body.font.family</refentrytitle>
<refmiscinfo class="other" otherclass="datatype">list</refmiscinfo>
<refmiscinfo class="other" otherclass="list-type">open</refmiscinfo>
<refmiscinfo class="other" otherclass="value">serif</refmiscinfo>
<refmiscinfo class="other" otherclass="value">sans-serif</refmiscinfo>
<refmiscinfo class="other" otherclass="value">monospace</refmiscinfo>
</refmeta>
<refnamediv>
<refname>body.font.family</refname>
<refpurpose>The default font family for body text</refpurpose>
</refnamediv>

<refsynopsisdiv>
<src:fragment xml:id="body.font.family.frag">
<xsl:param name="body.font.family">serif</xsl:param>
</src:fragment>
</refsynopsisdiv>

<refsection><info><title>Description</title></info>

<para>The body font family is the default font used for text in the page body.</para>
<para>If more than one font is required, enter the font names,
separated by a comma, e.g.</para>
<literallayout>
  &lt;xsl:param name="body.font.family">Arial, SimSun, serif&lt;/xsl:param>

</literallayout>

</refsection>
</refentry>
