<refentry xmlns="http://docbook.org/ns/docbook"
          xmlns:xlink="http://www.w3.org/1999/xlink"
          xmlns:xi="http://www.w3.org/2001/XInclude"
          xmlns:src="http://nwalsh.com/xmlns/litprog/fragment"
          xmlns:xsl="http://www.w3.org/1999/XSL/Transform"
          version="5.0" xml:id="chunk.quietly">
<refmeta>
<refentrytitle>chunk.quietly</refentrytitle>
<refmiscinfo class="other" otherclass="datatype">boolean</refmiscinfo>
</refmeta>
<refnamediv>
<refname>chunk.quietly</refname>
<refpurpose>Omit the chunked filename messages.</refpurpose>
</refnamediv>

<refsynopsisdiv>
<src:fragment xml:id="chunk.quietly.frag">
<xsl:param name="chunk.quietly" select="0"/>
</src:fragment>
</refsynopsisdiv>

<refsection><info><title>Description</title></info>

<para>If zero (the default), the XSL processor emits a message naming
each separate chunk filename as it is being output.
If nonzero, then the messages are suppressed.
</para>

</refsection>
</refentry>
