<refentry xmlns="http://docbook.org/ns/docbook"
          xmlns:xlink="http://www.w3.org/1999/xlink"
          xmlns:xi="http://www.w3.org/2001/XInclude"
          xmlns:src="http://nwalsh.com/xmlns/litprog/fragment"
          xmlns:xsl="http://www.w3.org/1999/XSL/Transform"
          version="5.0" xml:id="chunker.output.indent">
<refmeta>
<refentrytitle>chunker.output.indent</refentrytitle>
<refmiscinfo class="other" otherclass="datatype">string</refmiscinfo>
</refmeta>
<refnamediv>
<refname>chunker.output.indent</refname>
<refpurpose>Specification of indentation on generated pages</refpurpose>
</refnamediv>
<refsynopsisdiv>
<src:fragment xml:id="chunker.output.indent.frag">
<xsl:param name="chunker.output.indent">no</xsl:param>
</src:fragment>
</refsynopsisdiv>
<refsection><info><title>Description</title></info>
<para>This parameter specifies the value of the indent
specification for generated pages. Not all processors support
specification of this parameter.
</para>
<note>
<para>This parameter is documented here, but the declaration is actually
in the <filename>chunker.xsl</filename> stylesheet module.</para>
</note>
</refsection>
</refentry>
