<refentry xmlns="http://docbook.org/ns/docbook"
          xmlns:xlink="http://www.w3.org/1999/xlink"
          xmlns:xi="http://www.w3.org/2001/XInclude"
          xmlns:src="http://nwalsh.com/xmlns/litprog/fragment"
          xmlns:xsl="http://www.w3.org/1999/XSL/Transform"
          version="5.0" xml:id="chunk.section.depth">
<refmeta>
<refentrytitle>chunk.section.depth</refentrytitle>
<refmiscinfo class="other" otherclass="datatype">integer</refmiscinfo>
</refmeta>
<refnamediv>
<refname>chunk.section.depth</refname>
<refpurpose>Depth to which sections should be chunked</refpurpose>
</refnamediv>

<refsynopsisdiv>
<src:fragment xml:id="chunk.section.depth.frag">
<xsl:param name="chunk.section.depth" select="1"/>
</src:fragment>
</refsynopsisdiv>

<refsection><info><title>Description</title></info>

<para>This parameter sets the depth of section chunking.</para>

</refsection>
</refentry>
