<refentry xmlns="http://docbook.org/ns/docbook"
          xmlns:xlink="http://www.w3.org/1999/xlink"
          xmlns:xi="http://www.w3.org/2001/XInclude"
          xmlns:src="http://nwalsh.com/xmlns/litprog/fragment"
          xmlns:xsl="http://www.w3.org/1999/XSL/Transform"
          version="5.0" xml:id="chunker.output.standalone">
<refmeta>
<refentrytitle>chunker.output.standalone</refentrytitle>
<refmiscinfo class="other" otherclass="datatype">string</refmiscinfo>
</refmeta>
<refnamediv>
<refname>chunker.output.standalone</refname>
<refpurpose>Standalone declaration for generated pages</refpurpose>
</refnamediv>
<refsynopsisdiv>
<src:fragment xml:id="chunker.output.standalone.frag">
<xsl:param name="chunker.output.standalone">no</xsl:param>
</src:fragment>
</refsynopsisdiv>
<refsection><info><title>Description</title></info>
<para>This parameter specifies the value of the standalone
  specification for generated pages. It must be either
  <literal>yes</literal> or <literal>no</literal>. Not all
  processors support specification of this parameter.
</para>
<note>
<para>This parameter is documented here, but the declaration is actually
in the <filename>chunker.xsl</filename> stylesheet module.</para>
</note>
</refsection>
</refentry>
