<refentry xmlns="http://docbook.org/ns/docbook"
          xmlns:xlink="http://www.w3.org/1999/xlink"
          xmlns:xi="http://www.w3.org/2001/XInclude"
          xmlns:src="http://nwalsh.com/xmlns/litprog/fragment"
          xmlns:xsl="http://www.w3.org/1999/XSL/Transform"
          version="5.0" xml:id="default.table.frame">
<refmeta>
<refentrytitle>default.table.frame</refentrytitle>
<refmiscinfo class="other" otherclass="datatype">string</refmiscinfo>
</refmeta>
<refnamediv>
<refname>default.table.frame</refname>
<refpurpose>The default framing of tables</refpurpose>
</refnamediv>

<refsynopsisdiv>
<src:fragment xml:id="default.table.frame.frag">
<xsl:param name="default.table.frame">all</xsl:param>
</src:fragment>
</refsynopsisdiv>

<refsection><info><title>Description</title></info>

<para>This value will be used when there is no frame attribute on the
table. </para>

</refsection>
</refentry>
