<refentry xmlns="http://docbook.org/ns/docbook"
          xmlns:xlink="http://www.w3.org/1999/xlink"
          xmlns:xi="http://www.w3.org/2001/XInclude"
          xmlns:src="http://nwalsh.com/xmlns/litprog/fragment"
          xmlns:xsl="http://www.w3.org/1999/XSL/Transform"
          version="5.0" xml:id="emphasis.propagates.style">
<refmeta>
<refentrytitle>emphasis.propagates.style</refentrytitle>
<refmiscinfo class="other" otherclass="datatype">boolean</refmiscinfo>
</refmeta>
<refnamediv>
<refname>emphasis.propagates.style</refname>
<refpurpose>Pass emphasis role attribute through to HTML?</refpurpose>
</refnamediv>
<refsynopsisdiv>
<src:fragment xml:id="emphasis.propagates.style.frag">
<xsl:param name="emphasis.propagates.style" select="1"/>
</src:fragment>
</refsynopsisdiv>
<refsection><info><title>Description</title></info>
<para>If non-zero, the <literal>role</literal> attribute of
<tag>emphasis</tag> elements will be passed through to the HTML as a
class attribute on a <literal>span</literal> that surrounds the
emphasis.</para>
</refsection>
</refentry>
