<refentry xmlns="http://docbook.org/ns/docbook"
          xmlns:xlink="http://www.w3.org/1999/xlink"
          xmlns:xi="http://www.w3.org/2001/XInclude"
          xmlns:src="http://nwalsh.com/xmlns/litprog/fragment"
          xmlns:xsl="http://www.w3.org/1999/XSL/Transform"
          version="5.0" xml:id="feedback.with.ids">
<refmeta>
<refentrytitle>feedback.with.ids</refentrytitle>
<refmiscinfo class="other" otherclass="datatype">boolean</refmiscinfo>
</refmeta>
<refnamediv>
<refname>feedback.with.ids</refname>
<refpurpose>Toggle use of IDs in feedback</refpurpose>
</refnamediv>

<refsynopsisdiv>
<src:fragment xml:id="feedback.with.ids.frag">
<xsl:param name="feedback.with.ids" select="0"/>
</src:fragment>
</refsynopsisdiv>

<refsection><info><title>Description</title></info>
<para>If <varname>feedback.with.ids</varname> is non-zero, the ID of the
current page will be added to the feedback link. This can be used, for
example, if the <varname>feedback.href</varname> is a CGI script.</para>
</refsection>
</refentry>
