<refentry xmlns="http://docbook.org/ns/docbook"
          xmlns:xlink="http://www.w3.org/1999/xlink"
          xmlns:xi="http://www.w3.org/2001/XInclude"
          xmlns:src="http://nwalsh.com/xmlns/litprog/fragment"
          xmlns:xsl="http://www.w3.org/1999/XSL/Transform"
          version="5.0" xml:id="foil.title.size">
<refmeta>
<refentrytitle>foil.title.size</refentrytitle>
<refmiscinfo class="other" otherclass="datatype">length</refmiscinfo>
</refmeta>
<refnamediv>
<refname>foil.title.size</refname>
<refpurpose>Specifies font size to use for foil titles, including units</refpurpose>
</refnamediv>

<refsynopsisdiv>
  <src:fragment xml:id="foil.title.size.frag">
    <xsl:param name="foil.title.size">
      <xsl:value-of select="$foil.title.master"/><xsl:text>pt</xsl:text>
    </xsl:param>
  </src:fragment>
</refsynopsisdiv>

<refsection><info><title>Description</title></info>

<para>This parameter combines the value of the
<parameter>foil.title.master</parameter> parameter with a unit
specification. The default unit is <literal>pt</literal>
(points).</para>

</refsection>
</refentry>
