<refentry xmlns="http://docbook.org/ns/docbook"
          xmlns:xlink="http://www.w3.org/1999/xlink"
          xmlns:xi="http://www.w3.org/2001/XInclude"
          xmlns:src="http://nwalsh.com/xmlns/litprog/fragment"
          xmlns:xsl="http://www.w3.org/1999/XSL/Transform"
          version="5.0" xml:id="generate.css.header">
<refmeta>
<refentrytitle>generate.css.header</refentrytitle>
<refmiscinfo class="other" otherclass="datatype">boolean</refmiscinfo>
</refmeta>
<refnamediv>
<refname>generate.css.header</refname>
<refpurpose>Insert generated CSS styles in HEAD element</refpurpose>
</refnamediv>

<refsynopsisdiv>
<src:fragment xml:id="generate.css.header.frag">
<xsl:param name="generate.css.header" select="0"/>
</src:fragment>
</refsynopsisdiv>

<refsection><info><title>Description</title></info>

<para>The stylesheets are capable of generating both default
and custom CSS stylesheet files.  The parameters 
<parameter>make.clean.html</parameter>,
<parameter>docbook.css.source</parameter>, and
<parameter>custom.css.source</parameter> control that feature.</para>

<para>If you require that CSS styles reside in the HTML 
<tag>HEAD</tag> element instead of external CSS files,
then set the <parameter>generate.css.header</parameter>
parameter to nonzero (it is zero by default).
Then instead of generating the CSS in external files,
they are wrapped in <tag>style</tag> elements in
the <tag>HEAD</tag> element of each HTML output file.
</para>

</refsection>
</refentry>
