<refentry xmlns="http://docbook.org/ns/docbook"
          xmlns:xlink="http://www.w3.org/1999/xlink"
          xmlns:xi="http://www.w3.org/2001/XInclude"
          xmlns:src="http://nwalsh.com/xmlns/litprog/fragment"
          xmlns:xsl="http://www.w3.org/1999/XSL/Transform"
          version="5.0" xml:id="generate.titlepage">
<refmeta>
<refentrytitle>generate.titlepage</refentrytitle>
<refmiscinfo class="other" otherclass="datatype">boolean</refmiscinfo>
</refmeta>
<refnamediv>
<refname>generate.titlepage</refname>
<refpurpose>Specifies whether titlepage is generated</refpurpose>
</refnamediv>

<refsynopsisdiv>
  <src:fragment xml:id="generate.titlepage.frag">
    <xsl:param name="generate.titlepage">1</xsl:param>
  </src:fragment>
</refsynopsisdiv>

<refsection><info><title>Description</title></info>

<para>This parameter specifies whether titlepage is generated
  for the presentation.</para>

</refsection>
</refentry>
