<refentry xmlns="http://docbook.org/ns/docbook"
          xmlns:xlink="http://www.w3.org/1999/xlink"
          xmlns:xi="http://www.w3.org/2001/XInclude"
          xmlns:src="http://nwalsh.com/xmlns/litprog/fragment"
          xmlns:xsl="http://www.w3.org/1999/XSL/Transform"
          version="5.0" xml:id="generate.index">
<refmeta>
<refentrytitle>generate.index</refentrytitle>
<refmiscinfo class="other" otherclass="datatype">boolean</refmiscinfo>
</refmeta>
<refnamediv>
<refname>generate.index</refname>
<refpurpose>Do you want an index?</refpurpose>
</refnamediv>

<refsynopsisdiv>
<src:fragment xml:id="generate.index.frag"><xsl:param name="generate.index" select="1"/></src:fragment>
</refsynopsisdiv>

<refsection><info><title>Description</title></info>

<para>Specify if an index should be generated. </para>

</refsection>
</refentry>
