<refentry xmlns="http://docbook.org/ns/docbook"
          xmlns:xlink="http://www.w3.org/1999/xlink"
          xmlns:xi="http://www.w3.org/2001/XInclude"
          xmlns:src="http://nwalsh.com/xmlns/litprog/fragment"
          xmlns:xsl="http://www.w3.org/1999/XSL/Transform"
          version="5.0" xml:id="generate.foilgroup.toc">
<refmeta>
<refentrytitle>generate.foilgroup.toc</refentrytitle>
<refmiscinfo class="other" otherclass="datatype">boolean</refmiscinfo>
</refmeta>
<refnamediv>
<refname>generate.foilgroup.toc</refname>
<refpurpose>Specifies whether foilgroups have a TOC</refpurpose>
</refnamediv>

<refsynopsisdiv>
  <src:fragment xml:id="generate.foilgroup.toc.frag">
    <xsl:param name="generate.foilgroup.toc">1</xsl:param>
  </src:fragment>
</refsynopsisdiv>

<refsection><info><title>Description</title></info>

<para>This parameter specifies whether foilgroups will
  contain a table of contents of the included foils.</para>

</refsection>
</refentry>
