<refentry xmlns="http://docbook.org/ns/docbook"
          xmlns:xlink="http://www.w3.org/1999/xlink"
          xmlns:xi="http://www.w3.org/2001/XInclude"
          xmlns:src="http://nwalsh.com/xmlns/litprog/fragment"
          xmlns:xsl="http://www.w3.org/1999/XSL/Transform"
          version="5.0" xml:id="glossterm.width">
<refmeta>
<refentrytitle>glossterm.width</refentrytitle>
<refmiscinfo class="other" otherclass="datatype">length</refmiscinfo>
</refmeta>
<refnamediv>
<refname>glossterm.width</refname>
<refpurpose>Width of glossterm in list presentation mode</refpurpose>
</refnamediv>

<refsynopsisdiv>
<src:fragment xml:id="glossterm.width.frag">
<xsl:param name="glossterm.width" >2in</xsl:param>
</src:fragment>
</refsynopsisdiv>

<refsection><info><title>Description</title></info>

<para>This parameter specifies the width reserved for glossary terms when
a list presentation is used.</para>

</refsection>
</refentry>
