<refentry xmlns="http://docbook.org/ns/docbook"
          xmlns:xlink="http://www.w3.org/1999/xlink"
          xmlns:xi="http://www.w3.org/2001/XInclude"
          xmlns:src="http://nwalsh.com/xmlns/litprog/fragment"
          xmlns:xsl="http://www.w3.org/1999/XSL/Transform"
          version="5.0" xml:id="glossterm.block.properties">
<refmeta>
<refentrytitle>glossterm.block.properties</refentrytitle>
<refmiscinfo class="other" otherclass="datatype">attribute set</refmiscinfo>
</refmeta>
<refnamediv>
<refname>glossterm.block.properties</refname>
<refpurpose>To add properties to the block of a glossentry's glossterm.</refpurpose>
</refnamediv>

<refsynopsisdiv>
<src:fragment xml:id="glossterm.block.properties.frag"><xsl:attribute-set name="glossterm.block.properties">
  <xsl:attribute name="space-before.optimum">1em</xsl:attribute>
  <xsl:attribute name="space-before.minimum">0.8em</xsl:attribute>
  <xsl:attribute name="space-before.maximum">1.2em</xsl:attribute>
  <xsl:attribute name="keep-with-next.within-column">always</xsl:attribute>
  <xsl:attribute name="keep-together.within-column">always</xsl:attribute>
</xsl:attribute-set>
</src:fragment>
</refsynopsisdiv>
<refsection><info><title>Description</title></info>
<para>These properties are added to the block containing a
glossary term in a glossary when the <parameter>glossary.as.blocks</parameter> parameter
is non-zero.
Use this attribute-set to set the space above and below,
font properties,
and any indent for the glossary term.</para>

</refsection>
</refentry>
