<refentry xmlns="http://docbook.org/ns/docbook"
          xmlns:xlink="http://www.w3.org/1999/xlink"
          xmlns:xi="http://www.w3.org/2001/XInclude"
          xmlns:src="http://nwalsh.com/xmlns/litprog/fragment"
          xmlns:xsl="http://www.w3.org/1999/XSL/Transform"
          version="5.0" xml:id="htmlhelp.hhc.section.depth">
<refmeta>
<refentrytitle>htmlhelp.hhc.section.depth</refentrytitle>
<refmiscinfo class="other" otherclass="datatype">integer</refmiscinfo>
</refmeta>
<refnamediv>
<refname>htmlhelp.hhc.section.depth</refname>
<refpurpose>Depth of TOC for sections in a left pane.</refpurpose>
</refnamediv>

<refsynopsisdiv>
<src:fragment xml:id="htmlhelp.hhc.section.depth.frag">
<xsl:param name="htmlhelp.hhc.section.depth">5</xsl:param>
</src:fragment>
</refsynopsisdiv>

<refsection><info><title>Description</title></info>

<para>Set the section depth in the left pane of HTML Help viewer. </para>

</refsection>
</refentry>
