<refentry xmlns="http://docbook.org/ns/docbook"
          xmlns:xlink="http://www.w3.org/1999/xlink"
          xmlns:xi="http://www.w3.org/2001/XInclude"
          xmlns:src="http://nwalsh.com/xmlns/litprog/fragment"
          xmlns:xsl="http://www.w3.org/1999/XSL/Transform"
          version="5.0" xml:id="htmlhelp.button.home.url">
<refmeta>
<refentrytitle>htmlhelp.button.home.url</refentrytitle>
<refmiscinfo class="other" otherclass="datatype">string</refmiscinfo>
</refmeta>
<refnamediv>
<refname>htmlhelp.button.home.url</refname>
<refpurpose>URL address of page accessible by Home button</refpurpose>
</refnamediv>

<refsynopsisdiv>
<src:fragment xml:id="htmlhelp.button.home.url.frag">
<xsl:param name="htmlhelp.button.home.url"/>
</src:fragment>
</refsynopsisdiv>

<refsection><info><title>Description</title></info>

<para>URL address of page accessible by Home button.</para>

</refsection>
</refentry>
