<refentry xmlns="http://docbook.org/ns/docbook"
          xmlns:xlink="http://www.w3.org/1999/xlink"
          xmlns:xi="http://www.w3.org/2001/XInclude"
          xmlns:src="http://nwalsh.com/xmlns/litprog/fragment"
          xmlns:xsl="http://www.w3.org/1999/XSL/Transform"
          version="5.0" xml:id="informal.object.properties">
<refmeta>
<refentrytitle>informal.object.properties</refentrytitle>
<refmiscinfo class="other" otherclass="datatype">attribute set</refmiscinfo>
</refmeta>
<refnamediv>
<refname>informal.object.properties</refname>
<refpurpose>Properties associated with an informal (untitled) object, such as an informalfigure</refpurpose>
</refnamediv>

<refsynopsisdiv>
<src:fragment xml:id="informal.object.properties.frag"><xsl:attribute-set name="informal.object.properties">
  <xsl:attribute name="space-before.minimum">0.5em</xsl:attribute>
  <xsl:attribute name="space-before.optimum">1em</xsl:attribute>
  <xsl:attribute name="space-before.maximum">2em</xsl:attribute>
  <xsl:attribute name="space-after.minimum">0.5em</xsl:attribute>
  <xsl:attribute name="space-after.optimum">1em</xsl:attribute>
  <xsl:attribute name="space-after.maximum">2em</xsl:attribute>
</xsl:attribute-set></src:fragment>
</refsynopsisdiv>
<refsection><info><title>Description</title></info>
<para>The styling for informal objects in docbook. Specify the spacing before and after the object.</para>
</refsection>
</refentry>
