<refentry xmlns="http://docbook.org/ns/docbook"
          xmlns:xlink="http://www.w3.org/1999/xlink"
          xmlns:xi="http://www.w3.org/2001/XInclude"
          xmlns:src="http://nwalsh.com/xmlns/litprog/fragment"
          xmlns:xsl="http://www.w3.org/1999/XSL/Transform"
          version="5.0" xml:id="itemizedlist.label.properties">
<refmeta>
<refentrytitle>itemizedlist.label.properties</refentrytitle>
<refmiscinfo class="other" otherclass="datatype">attribute set</refmiscinfo>
</refmeta>
<refnamediv>
<refname>itemizedlist.label.properties</refname>
<refpurpose>Properties that apply to each label inside itemized list.</refpurpose>
</refnamediv>

<refsynopsisdiv>
<src:fragment xml:id="itemizedlist.label.properties.frag"><xsl:attribute-set name="itemizedlist.label.properties">
</xsl:attribute-set></src:fragment>
</refsynopsisdiv>
<refsection><info><title>Description</title></info>
<para>Properties that apply to each label inside itemized list. E.g.:</para>
<programlisting>&lt;xsl:attribute-set name="itemizedlist.label.properties"&gt;
  &lt;xsl:attribute name="text-align"&gt;right&lt;/xsl:attribute&gt;
&lt;/xsl:attribute-set&gt;</programlisting>
</refsection>
</refentry>
