<refentry xmlns="http://docbook.org/ns/docbook"
          xmlns:xlink="http://www.w3.org/1999/xlink"
          xmlns:xi="http://www.w3.org/2001/XInclude"
          xmlns:src="http://nwalsh.com/xmlns/litprog/fragment"
          xmlns:xsl="http://www.w3.org/1999/XSL/Transform"
          version="5.0" xml:id="itemizedlist.properties">
<refmeta>
<refentrytitle>itemizedlist.properties</refentrytitle>
<refmiscinfo class="other" otherclass="datatype">attribute set</refmiscinfo>
</refmeta>
<refnamediv>
<refname>itemizedlist.properties</refname>
<refpurpose>Properties that apply to each list-block generated by itemizedlist.</refpurpose>
</refnamediv>

<refsynopsisdiv>
<src:fragment xml:id="itemizedlist.properties.frag"><xsl:attribute-set name="itemizedlist.properties" use-attribute-sets="list.block.properties">
</xsl:attribute-set></src:fragment>
</refsynopsisdiv>
<refsection><info><title>Description</title></info>
<para>Properties that apply to each fo:list-block generated by itemizedlist.</para>
</refsection>
</refentry>
