<refentry xmlns="http://docbook.org/ns/docbook"
          xmlns:xlink="http://www.w3.org/1999/xlink"
          xmlns:xi="http://www.w3.org/2001/XInclude"
          xmlns:src="http://nwalsh.com/xmlns/litprog/fragment"
          xmlns:xsl="http://www.w3.org/1999/XSL/Transform"
          version="5.0" xml:id="linenumbering.separator">
<refmeta>
<refentrytitle>linenumbering.separator</refentrytitle>
<refmiscinfo class="other" otherclass="datatype">string</refmiscinfo>
</refmeta>
<refnamediv>
<refname>linenumbering.separator</refname>
<refpurpose>Specify a separator between line numbers and lines</refpurpose>
</refnamediv>

<refsynopsisdiv>
<src:fragment xml:id="linenumbering.separator.frag">
<xsl:param name="linenumbering.separator"><xsl:text> </xsl:text></xsl:param>
</src:fragment>
</refsynopsisdiv>

<refsection><info><title>Description</title></info>

<para>The separator is inserted between line numbers and lines in the
verbatim environment. The default value is a single white space.
 Note the interaction with <parameter>linenumbering.width</parameter>
</para>

</refsection>
</refentry>
