<refentry xmlns="http://docbook.org/ns/docbook"
          xmlns:xlink="http://www.w3.org/1999/xlink"
          xmlns:xi="http://www.w3.org/2001/XInclude"
          xmlns:src="http://nwalsh.com/xmlns/litprog/fragment"
          xmlns:xsl="http://www.w3.org/1999/XSL/Transform"
          version="5.0" xml:id="man.output.manifest.enabled">
  <refmeta>
    <refentrytitle>man.output.manifest.enabled</refentrytitle>
    <refmiscinfo class="other" otherclass="datatype">boolean</refmiscinfo>
  </refmeta>
  <refnamediv>
    <refname>man.output.manifest.enabled</refname>
    <refpurpose>Generate a manifest file?</refpurpose>
  </refnamediv>

  <refsynopsisdiv>
    <src:fragment xml:id="man.output.manifest.enabled.frag"><xsl:param name="man.output.manifest.enabled" select="0"/></src:fragment>
  </refsynopsisdiv>

  <refsection><info><title>Description</title></info>

    <para>If non-zero, a list of filenames for man pages generated by
    the stylesheet transformation is written to the file named by the
    <parameter>man.output.manifest.filename</parameter> parameter.</para>

  </refsection>
</refentry>
